name,score,,,,,,,,,,,,,,,,,,
_anthony_seger_,42,,,,,,,,,,,,,,,,,,
_Backers_,38,,,,,,,,,,,,,,,,,,
_capergames,43,,,,,,,,,,,,,,,,,,
_FG_College_,29,,,,,,,,,,,,,,,,,41,Q1
_LaFabrique,54,,,,,,,,,,,,,,,,,50,Q2
_magic_circle_,54,,,,,,,,,,,,,,,,,59,Q3
_meghansmith_,42,,,,,,,,,,,,,,,,,,
_sattva,47,,,,,,,,,,,,,,,,,49.62,MEAN
_savandy,40,,,,,,,,,,,,,,,,,91,Highest
_WickedHeart,58,,,,,,,,,,,,,,,,,1,Lowest
0pensource,51,,,,,,,,,,,,,,,,,,
18dMedia,12,,,,,,,,,,,,,,,,,73,95%
18SportsAndy,50,,,,,,,,,,,,,,,,,67,90%
2TomatoesGms,56,,,,,,,,,,,,,,,,,62,80%
3Js3KimsYoongi,46,,,,,,,,,,,,,,,,,,
3kwa,42,,,,,,,,,,,,,,,,,,
3rdEchelon,54,,,,,,,,,,,,,,,,,31.3,10%
4160Tuesdays,54,,,,,,,,,,,,,,,,,,
5toclose,35,,,,,,,,,,,,,,,,,,
8bitpxl,58,,,,,,,,,,,,,,,,,,
9Lamper,43,,,,,,,,,,,,,,,,,,
A1GOY,57,,,,,,,,,,,,,,,,,,
aaronareed,48,,,,,,,,,,,,,,,,,,
aawato,52,,,,,,,,,,,,,,,,,,
ABCDjamesbond,26,,,,,,,,,,,,,,,,,,
abcxyz_jp,48,,,,,,,,,,,,,,,,,,
aboardgamelife,51,,,,,,,,,,,,,,,,,,
AceAnbender,70,,,,,,,,,,,,,,,,,,
ActionZacku,52,,,,,,,,,,,,,,,,,,
AD360eu,56,,,,,,,,,,,,,,,,,,
adelaide_rain,46,,,,,,,,,,,,,,,,,,
AdhilPatel,39,,,,,,,,,,,,,,,,,,
AECoker,44,,,,,,,,,,,,,,,,,,
afterallmylove,79,,,,,,,,,,,,,,,,,,
AGCemporium,39,,,,,,,,,,,,,,,,,,
AgileFaye,50,,,,,,,,,,,,,,,,,,
akasha111182,52,,,,,,,,,,,,,,,,,,
alanbahr,49,,,,,,,,,,,,,,,,,,
alexhibbert,62,,,,,,,,,,,,,,,,,,
AlexisJanson,54,,,,,,,,,,,,,,,,,,
alexneskin,30,,,,,,,,,,,,,,,,,,
alisongilbert,38,,,,,,,,,,,,,,,,,,
alissakmclean,59,,,,,,,,,,,,,,,,,,
AllArduino,45,,,,,,,,,,,,,,,,,,
alleycatgames,43,,,,,,,,,,,,,,,,,,
alpoma,55,,,,,,,,,,,,,,,,,,
alysiareiner,59,,,,,,,,,,,,,,,,,,
amandamakepeace,60,,,,,,,,,,,,,,,,,,
amandarivkin,64,,,,,,,,,,,,,,,,,,
amartino,69,,,,,,,,,,,,,,,,,,
AmberNLyon,36,,,,,,,,,,,,,,,,,,
AMDembedded,39,,,,,,,,,,,,,,,,,,
anatotitan,62,,,,,,,,,,,,,,,,,,
andevers,67,,,,,,,,,,,,,,,,,,
Andi_Roberts,55,,,,,,,,,,,,,,,,,,
Androidheadline,76,,,,,,,,,,,,,,,,,,
angelaanimates,38,,,,,,,,,,,,,,,,,,
Angus_A,52,,,,,,,,,,,,,,,,,,
anmatcoburn,34,,,,,,,,,,,,,,,,,,
AnotherIdolBot,65,,,,,,,,,,,,,,,,,,
AntikBar,50,,,,,,,,,,,,,,,,,,
AnyaBeaumont,45,,,,,,,,,,,,,,,,,,
AppUnwrapper,59,,,,,,,,,,,,,,,,,,
AppzBay,44,,,,,,,,,,,,,,,,,,
ArcaneVoid,22,,,,,,,,,,,,,,,,,,
AreaGamesFC,23,,,,,,,,,,,,,,,,,,
argodesigned,45,,,,,,,,,,,,,,,,,,
arisia,36,,,,,,,,,,,,,,,,,,
ArtByEmilyHare,51,,,,,,,,,,,,,,,,,,
asadayaz,57,,,,,,,,,,,,,,,,,,
Asako_Soh,65,,,,,,,,,,,,,,,,,,
ashes_rochelle,16,,,,,,,,,,,,,,,,,,
AstorPlaceNYC,49,,,,,,,,,,,,,,,,,,
atassani,44,,,,,,,,,,,,,,,,,,
athomas_tr,47,,,,,,,,,,,,,,,,,,
AtriusEndures,48,,,,,,,,,,,,,,,,,,
AttitudeMag,77,,,,,,,,,,,,,,,,,,
AudiMidtown,40,,,,,,,,,,,,,,,,,,
AutographItNow,41,,,,,,,,,,,,,,,,,,
AVStudioGames,52,,,,,,,,,,,,,,,,,,
Awesome8sRPG,58,,,,,,,,,,,,,,,,,,
AxidentalDM,25,,,,,,,,,,,,,,,,,,
azazel_42,50,,,,,,,,,,,,,,,,,,
B_Crilly,45,,,,,,,,,,,,,,,,,,
backercamp,48,,,,,,,,,,,,,,,,,,
BackerClub,47,,,,,,,,,,,,,,,,,,
BackerGuru,33,,,,,,,,,,,,,,,,,,
backrelease_,53,,,,,,,,,,,,,,,,,,
BackspindleGame,56,,,,,,,,,,,,,,,,,,
BadAstronomer,84,,,,,,,,,,,,,,,,,,
BadSquiddoGames,57,,,,,,,,,,,,,,,,,,
baldengineer,46,,,,,,,,,,,,,,,,,,
balio85,7,,,,,,,,,,,,,,,,,,
bantonframework,56,,,,,,,,,,,,,,,,,,
BaRPiGgame,41,,,,,,,,,,,,,,,,,,
Bayo1000,22,,,,,,,,,,,,,,,,,,
BBCSport,91,,,,,,,,,,,,,,,,,,
BBStartups,39,,,,,,,,,,,,,,,,,,
BeardWags,1,,,,,,,,,,,,,,,,,,
beastsofwar,57,,,,,,,,,,,,,,,,,,
Beatrice_Elaine,33,,,,,,,,,,,,,,,,,,
beckitrain,50,,,,,,,,,,,,,,,,,,
BescentOfficial,48,,,,,,,,,,,,,,,,,,
BestAppAwards,36,,,,,,,,,,,,,,,,,,
BestCrowdFundng,48,,,,,,,,,,,,,,,,,,
bestplayco,45,,,,,,,,,,,,,,,,,,
bethanyar26,42,,,,,,,,,,,,,,,,,,
BettaGamesHQ,40,,,,,,,,,,,,,,,,,,
beyondbasicspt,46,,,,,,,,,,,,,,,,,,
beziergames,58,,,,,,,,,,,,,,,,,,
bgamegiveaway,60,,,,,,,,,,,,,,,,,,
bigbadcon,57,,,,,,,,,,,,,,,,,,
bigdaddyj,41,,,,,,,,,,,,,,,,,,
Bigdoglove630,47,,,,,,,,,,,,,,,,,,
bikepackingcom,50,,,,,,,,,,,,,,,,,,
bikeradar,66,,,,,,,,,,,,,,,,,,
biodagar,57,,,,,,,,,,,,,,,,,,
birdnfox,23,,,,,,,,,,,,,,,,,,
bitcoinsguide,33,,,,,,,,,,,,,,,,,,
bixbiboom,32,,,,,,,,,,,,,,,,,,
bjepson,7,,,,,,,,,,,,,,,,,,
bjmgraphics,47,,,,,,,,,,,,,,,,,,
bk2128,61,,,,,,,,,,,,,,,,,,
BKelile,40,,,,,,,,,,,,,,,,,,
blackcrownhq,65,,,,,,,,,,,,,,,,,,
BlackHeartPress,49,,,,,,,,,,,,,,,,,,
blahblahgames,45,,,,,,,,,,,,,,,,,,
blakespot,52,,,,,,,,,,,,,,,,,,
blasianFMA,57,,,,,,,,,,,,,,,,,,
blogsNcoffee,39,,,,,,,,,,,,,,,,,,
BloomWatcher,36,,,,,,,,,,,,,,,,,,
BlueDartTweets,56,,,,,,,,,,,,,,,,,,
Blueflamemagick,43,,,,,,,,,,,,,,,,,,
BluffCreekElem,26,,,,,,,,,,,,,,,,,,
Boardgame_girl1,51,,,,,,,,,,,,,,,,,,
BoardGameAcad,43,,,,,,,,,,,,,,,,,,
boardgamelinks,57,,,,,,,,,,,,,,,,,,
boardgamerev,45,,,,,,,,,,,,,,,,,,
boardgamerpinup,62,,,,,,,,,,,,,,,,,,
BoardGames_TT,5,,,,,,,,,,,,,,,,,,
Boardgametruckr,49,,,,,,,,,,,,,,,,,,
bobbychiu,61,,,,,,,,,,,,,,,,,,
BoingBoing,82,,,,,,,,,,,,,,,,,,
BoldBebo,59,,,,,,,,,,,,,,,,,,
BoLSNEWS,53,,,,,,,,,,,,,,,,,,
Bombastic_World,76,,,,,,,,,,,,,,,,,,
booksatkerouac,51,,,,,,,,,,,,,,,,,,
BookSizzle,61,,,,,,,,,,,,,,,,,,
Booktrust,78,,,,,,,,,,,,,,,,,,
BookTweepz,62,,,,,,,,,,,,,,,,,,
BookZINY,46,,,,,,,,,,,,,,,,,,
bossfan2000,42,,,,,,,,,,,,,,,,,,
bragrman,34,,,,,,,,,,,,,,,,,,
Brandon_Nocaute,63,,,,,,,,,,,,,,,,,,
BrawlingBros,60,,,,,,,,,,,,,,,,,,
breaking_games,50,,,,,,,,,,,,,,,,,,
BrianBuchanan57,41,,,,,,,,,,,,,,,,,,
briankesinger,72,,,,,,,,,,,,,,,,,,
BriansGotGame,47,,,,,,,,,,,,,,,,,,
broadfieldsales,49,,,,,,,,,,,,,,,,,,
BroBible,69,,,,,,,,,,,,,,,,,,
brotips,69,,,,,,,,,,,,,,,,,,
BrownLeatherGuy,42,,,,,,,,,,,,,,,,,,
BruceLevenstein,53,,,,,,,,,,,,,,,,,,
BSoMT_2018,46,,,,,,,,,,,,,,,,,,
bsperk02,51,,,,,,,,,,,,,,,,,,
Buddhism_Now,73,,,,,,,,,,,,,,,,,,
bunnihoon,46,,,,,,,,,,,,,,,,,,
BushidoGCT,32,,,,,,,,,,,,,,,,,,
byrnesyliam,39,,,,,,,,,,,,,,,,,,
bythebbl,49,,,,,,,,,,,,,,,,,,
c0ralsky,53,,,,,,,,,,,,,,,,,,
C20thPosters,47,,,,,,,,,,,,,,,,,,
cabbie8201,48,,,,,,,,,,,,,,,,,,
CadeRageous,67,,,,,,,,,,,,,,,,,,
CAFalk,61,,,,,,,,,,,,,,,,,,
Caitlin_Akers,45,,,,,,,,,,,,,,,,,,
calmgrove,44,,,,,,,,,,,,,,,,,,
CanBlogHouse,68,,,,,,,,,,,,,,,,,,
CandaceHowze,50,,,,,,,,,,,,,,,,,,
CandlemonkeyH,47,,,,,,,,,,,,,,,,,,
CapnIndigo,42,,,,,,,,,,,,,,,,,,
CaptainBungalo,31,,,,,,,,,,,,,,,,,,
cardboard_kid,46,,,,,,,,,,,,,,,,,,
CardboardEdison,57,,,,,,,,,,,,,,,,,,
carlatreloar,40,,,,,,,,,,,,,,,,,,
CARmagazine,74,,,,,,,,,,,,,,,,,,
carmencita13,36,,,,,,,,,,,,,,,,,,
catcuddles,54,,,,,,,,,,,,,,,,,,
cawoodpublish,63,,,,,,,,,,,,,,,,,,
cbsa82,73,,,,,,,,,,,,,,,,,,
CCTV,74,,,,,,,,,,,,,,,,,,
ceciliatan,62,,,,,,,,,,,,,,,,,,
centrodarte,26,,,,,,,,,,,,,,,,,,
CEPData,58,,,,,,,,,,,,,,,,,,
cEvinKey,45,,,,,,,,,,,,,,,,,,
chadhayesmd,62,,,,,,,,,,,,,,,,,,
chaeycolate,56,,,,,,,,,,,,,,,,,,
ChambonSophie,52,,,,,,,,,,,,,,,,,,
chellenator,49,,,,,,,,,,,,,,,,,,
chelleyreads,50,,,,,,,,,,,,,,,,,,
CherylDowning,40,,,,,,,,,,,,,,,,,,
chinnky,44,,,,,,,,,,,,,,,,,,
Chisuto,38,,,,,,,,,,,,,,,,,,
ChowChowMet,27,,,,,,,,,,,,,,,,,,
chrisburkard,56,,,,,,,,,,,,,,,,,,
ChrisNicol,36,,,,,,,,,,,,,,,,,,
ChrisWhartonArt,24,,,,,,,,,,,,,,,,,,
ChronosCrow,32,,,,,,,,,,,,,,,,,,
CigarBoxBattle,44,,,,,,,,,,,,,,,,,,
CircleofBooks,82,,,,,,,,,,,,,,,,,,
circusposterus,49,,,,,,,,,,,,,,,,,,
citizenkahn,44,,,,,,,,,,,,,,,,,,
CivilWar_Quotes,36,,,,,,,,,,,,,,,,,,
claudiafire,32,,,,,,,,,,,,,,,,,,
ClayBoutwell,34,,,,,,,,,,,,,,,,,,
cleebration,55,,,,,,,,,,,,,,,,,,
CloakedPress,34,,,,,,,,,,,,,,,,,,
closetsamples,44,,,,,,,,,,,,,,,,,,
CloudBusiness9,62,,,,,,,,,,,,,,,,,,
CoffeeGeek,51,,,,,,,,,,,,,,,,,,
Collectingtoyz,54,,,,,,,,,,,,,,,,,,
commanderinmtg,70,,,,,,,,,,,,,,,,,,
cooldealselect,46,,,,,,,,,,,,,,,,,,
coolmaterial,53,,,,,,,,,,,,,,,,,,
CoolWearables,1,,,,,,,,,,,,,,,,,,
coopershill1,50,,,,,,,,,,,,,,,,,,
coopnews,63,,,,,,,,,,,,,,,,,,
CorpGraffitiArt,47,,,,,,,,,,,,,,,,,,
corygodbey,64,,,,,,,,,,,,,,,,,,
CosplayDeviants,68,,,,,,,,,,,,,,,,,,
Country_Words,85,,,,,,,,,,,,,,,,,,
CourseHorse,21,,,,,,,,,,,,,,,,,,
CrazyCactusEnt,45,,,,,,,,,,,,,,,,,,
creakingshelf,53,,,,,,,,,,,,,,,,,,
Cringer63,50,,,,,,,,,,,,,,,,,,
crit4brains,49,,,,,,,,,,,,,,,,,,
CrocOclock,50,,,,,,,,,,,,,,,,,,
Crowd_Fund_Pro,58,,,,,,,,,,,,,,,,,,
CrowdCBoost,62,,,,,,,,,,,,,,,,,,
Crowdfindly,51,,,,,,,,,,,,,,,,,,
crowdfindly2,48,,,,,,,,,,,,,,,,,,
Crowdfund_Promo,49,,,,,,,,,,,,,,,,,,
crowdfundcash,66,,,,,,,,,,,,,,,,,,
CrowdfundCentre,62,,,,,,,,,,,,,,,,,,
crowdfundingbck,24,,,,,,,,,,,,,,,,,,
crowdfundinghl,52,,,,,,,,,,,,,,,,,,
crowdfundingpr_,34,,,,,,,,,,,,,,,,,,
CrowdfundLaunch,54,,,,,,,,,,,,,,,,,,
CrowdRanger,46,,,,,,,,,,,,,,,,,,
cruel_diagonals,42,,,,,,,,,,,,,,,,,,
CryptoCrazyCat,26,,,,,,,,,,,,,,,,,,
CthulhuBen,20,,,,,,,,,,,,,,,,,,
cultofmac,75,,,,,,,,,,,,,,,,,,
curiopuppeteer,33,,,,,,,,,,,,,,,,,,
curium247,55,,,,,,,,,,,,,,,,,,
CushWakeBAYarea,48,,,,,,,,,,,,,,,,,,
CVOptical,46,,,,,,,,,,,,,,,,,,
cw1985,59,,,,,,,,,,,,,,,,,,
cyanworlds,61,,,,,,,,,,,,,,,,,,
CyberDomain,74,,,,,,,,,,,,,,,,,,
CyberProsCanada,32,,,,,,,,,,,,,,,,,,
cyp,81,,,,,,,,,,,,,,,,,,
D_B_Green,42,,,,,,,,,,,,,,,,,,
d20pfsrd,37,,,,,,,,,,,,,,,,,,
dabiglulu,41,,,,,,,,,,,,,,,,,,
Dagreenskins,55,,,,,,,,,,,,,,,,,,
daimanuel,52,,,,,,,,,,,,,,,,,,
daizycooperxxx,70,,,,,,,,,,,,,,,,,,
daleyfarr,48,,,,,,,,,,,,,,,,,,
DALwrites,39,,,,,,,,,,,,,,,,,,
Dan_NinjaStar,49,,,,,,,,,,,,,,,,,,
DangerFeedsRage,30,,,,,,,,,,,,,,,,,,
DangerPat,29,,,,,,,,,,,,,,,,,,
danielhirschman,47,,,,,,,,,,,,,,,,,,
DanielSolis,66,,,,,,,,,,,,,,,,,,
DAoCvet,34,,,,,,,,,,,,,,,,,,
darrenc777,31,,,,,,,,,,,,,,,,,,
darthtorlin,38,,,,,,,,,,,,,,,,,,
DasGoblinGames,23,,,,,,,,,,,,,,,,,,
datafaucet,59,,,,,,,,,,,,,,,,,,
datdoofus,36,,,,,,,,,,,,,,,,,,
Dave_Fagundes,48,,,,,,,,,,,,,,,,,,
DaveNeWaza,39,,,,,,,,,,,,,,,,,,
DaveTaylor,46,,,,,,,,,,,,,,,,,,
DavidBaity,41,,,,,,,,,,,,,,,,,,
DavidGallaher,66,,,,,,,,,,,,,,,,,,
DawltonBarn,52,,,,,,,,,,,,,,,,,,
DB_Stokes,56,,,,,,,,,,,,,,,,,,
dc3ArtProjects,53,,,,,,,,,,,,,,,,,,
DcanDivaCreates,34,,,,,,,,,,,,,,,,,,
dcooneyart,53,,,,,,,,,,,,,,,,,,
dealifind,40,,,,,,,,,,,,,,,,,,
DeathByMage,63,,,,,,,,,,,,,,,,,,
DeccanHerald,72,,,,,,,,,,,,,,,,,,
DeepDungeonGMZ,32,,,,,,,,,,,,,,,,,,
DeeplyDapper,41,,,,,,,,,,,,,,,,,,
DeepTechWire,40,,,,,,,,,,,,,,,,,,
dehmohnic,13,,,,,,,,,,,,,,,,,,
DelaKidd,35,,,,,,,,,,,,,,,,,,
DeluxeTnT,33,,,,,,,,,,,,,,,,,,
demo_ken,49,,,,,,,,,,,,,,,,,,
Denis_Loubet,49,,,,,,,,,,,,,,,,,,
designmilk,77,,,,,,,,,,,,,,,,,,
designtaxi,78,,,,,,,,,,,,,,,,,,
devlin1,57,,,,,,,,,,,,,,,,,,
dezeen,78,,,,,,,,,,,,,,,,,,
DianeCapri,63,,,,,,,,,,,,,,,,,,
dicegeeks,50,,,,,,,,,,,,,,,,,,
dicetower_news,48,,,,,,,,,,,,,,,,,,
digiartlords,49,,,,,,,,,,,,,,,,,,
DigitalTrends,83,,,,,,,,,,,,,,,,,,
dirtybandits,42,,,,,,,,,,,,,,,,,,
DiscordiaCS,32,,,,,,,,,,,,,,,,,,
disney_parents,41,,,,,,,,,,,,,,,,,,
DistilUnion,52,,,,,,,,,,,,,,,,,,
DJFrankieee,57,,,,,,,,,,,,,,,,,,
DJKver2,50,,,,,,,,,,,,,,,,,,
DNewmanStille,46,,,,,,,,,,,,,,,,,,
DocDraconis,45,,,,,,,,,,,,,,,,,,
docuguy,32,,,,,,,,,,,,,,,,,,
dominictarason,65,,,,,,,,,,,,,,,,,,
Domotique34,49,,,,,,,,,,,,,,,,,,
don_anelli,41,,,,,,,,,,,,,,,,,,
DonationExperts,66,,,,,,,,,,,,,,,,,,
DOTABUFF,63,,,,,,,,,,,,,,,,,,
DragonsofWales,57,,,,,,,,,,,,,,,,,,
drakegyllenhaal,24,,,,,,,,,,,,,,,,,,
DREVO_US,54,,,,,,,,,,,,,,,,,,
DrewMcWeeny,79,,,,,,,,,,,,,,,,,,
DrinkingQuest,64,,,,,,,,,,,,,,,,,,
DroneNewsFeed,53,,,,,,,,,,,,,,,,,,
DropTheDie,66,,,,,,,,,,,,,,,,,,
druid_cat,58,,,,,,,,,,,,,,,,,,
DryadTea,43,,,,,,,,,,,,,,,,,,
DuchyChildcare,53,,,,,,,,,,,,,,,,,,
dungeon_doodles,33,,,,,,,,,,,,,,,,,,
dustinbschwartz,61,,,,,,,,,,,,,,,,,,
dwayne_illo,51,,,,,,,,,,,,,,,,,,
dwspainting,1,,,,,,,,,,,,,,,,,,
dyhptg,52,,,,,,,,,,,,,,,,,,
DynamiteComics,69,,,,,,,,,,,,,,,,,,
dynastybeautyb,49,,,,,,,,,,,,,,,,,,
DynInterference,51,,,,,,,,,,,,,,,,,,
DywajUK,29,,,,,,,,,,,,,,,,,,
eachrncls,43,,,,,,,,,,,,,,,,,,
ealbishri,36,,,,,,,,,,,,,,,,,,
ebaraf,56,,,,,,,,,,,,,,,,,,
ebaynetflix,55,,,,,,,,,,,,,,,,,,
eBooksHabit,67,,,,,,,,,,,,,,,,,,
eddyfate,58,,,,,,,,,,,,,,,,,,
EdGameTec,75,,,,,,,,,,,,,,,,,,
editaurus,62,,,,,,,,,,,,,,,,,,
eevanikunen,49,,,,,,,,,,,,,,,,,,
Elecrow1,50,,,,,,,,,,,,,,,,,,
ElectronicsLab,50,,,,,,,,,,,,,,,,,,
ellenLupton,51,,,,,,,,,,,,,,,,,,
emiliobadilio,40,,,,,,,,,,,,,,,,,,
Empoweredlatin1,53,,,,,,,,,,,,,,,,,,
EMULSIVEfilm,68,,,,,,,,,,,,,,,,,,
engellaunilsson,54,,,,,,,,,,,,,,,,,,
engineeringcom,53,,,,,,,,,,,,,,,,,,
englishkidunya,66,,,,,,,,,,,,,,,,,,
EnigmaticEvents,28,,,,,,,,,,,,,,,,,,
ennologic,57,,,,,,,,,,,,,,,,,,
EoT_Impulse,49,,,,,,,,,,,,,,,,,,
epicgamingnight,54,,,,,,,,,,,,,,,,,,
ericabuist,62,,,,,,,,,,,,,,,,,,
erincasey09,43,,,,,,,,,,,,,,,,,,
ETBoardGames,55,,,,,,,,,,,,,,,,,,
EthanFleischer,56,,,,,,,,,,,,,,,,,,
EtoEWanders,26,,,,,,,,,,,,,,,,,,
eunicebrownlee,50,,,,,,,,,,,,,,,,,,
EuroGamerGirl,58,,,,,,,,,,,,,,,,,,
EverythingC64,66,,,,,,,,,,,,,,,,,,
EvesTitties,53,,,,,,,,,,,,,,,,,,
EvilHatOfficial,64,,,,,,,,,,,,,,,,,,
eyre_joe,28,,,,,,,,,,,,,,,,,,
fabiojose80,46,,,,,,,,,,,,,,,,,,
FailroadExpress,33,,,,,,,,,,,,,,,,,,
fairway3games,60,,,,,,,,,,,,,,,,,,
fancifullocales,30,,,,,,,,,,,,,,,,,,
fanfactories,43,,,,,,,,,,,,,,,,,,
FanthaTracks,53,,,,,,,,,,,,,,,,,,
FastCoDesign,78,,,,,,,,,,,,,,,,,,
FatGoblinGames,22,,,,,,,,,,,,,,,,,,
faundly,1,,,,,,,,,,,,,,,,,,
FeatherFleeks,46,,,,,,,,,,,,,,,,,,
FeathersChapman,44,,,,,,,,,,,,,,,,,,
featureshoot,61,,,,,,,,,,,,,,,,,,
FelipeWWoHP,56,,,,,,,,,,,,,,,,,,
FenrisGames,47,,,,,,,,,,,,,,,,,,
FionaLakeAus,67,,,,,,,,,,,,,,,,,,
Fiori_aus,54,,,,,,,,,,,,,,,,,,
FluffyMeeple,44,,,,,,,,,,,,,,,,,,
followthelede,61,,,,,,,,,,,,,,,,,,
forestwitch,50,,,,,,,,,,,,,,,,,,
Forgetful_Bacon,39,,,,,,,,,,,,,,,,,,
Formula5Music,59,,,,,,,,,,,,,,,,,,
fr3quency_,50,,,,,,,,,,,,,,,,,,
fran_wilde,73,,,,,,,,,,,,,,,,,,
Frauenfelder,60,,,,,,,,,,,,,,,,,,
FrederickWolfe_,41,,,,,,,,,,,,,,,,,,
FreeGamePlanet,59,,,,,,,,,,,,,,,,,,
FrontwingInt,59,,,,,,,,,,,,,,,,,,
FunatticChannel,61,,,,,,,,,,,,,,,,,,
fyeahmfabello,78,,,,,,,,,,,,,,,,,,
GAAMRyan,53,,,,,,,,,,,,,,,,,,
GabriellaR613,67,,,,,,,,,,,,,,,,,,
GadgetFlow,71,,,,,,,,,,,,,,,,,,
GadgetRumors,49,,,,,,,,,,,,,,,,,,
GadgetsLiving,44,,,,,,,,,,,,,,,,,,
galendara,53,,,,,,,,,,,,,,,,,,
game_metrics,60,,,,,,,,,,,,,,,,,,
gamebanshee,32,,,,,,,,,,,,,,,,,,
Gameplayinginfo,56,,,,,,,,,,,,,,,,,,
Gamer_Goggles,36,,,,,,,,,,,,,,,,,,
gamerati,37,,,,,,,,,,,,,,,,,,
GamesShed,54,,,,,,,,,,,,,,,,,,
garvash,54,,,,,,,,,,,,,,,,,,
gaslands_game,38,,,,,,,,,,,,,,,,,,
GavThorpeCreate,69,,,,,,,,,,,,,,,,,,
gearculture,35,,,,,,,,,,,,,,,,,,
GeekDads,40,,,,,,,,,,,,,,,,,,
GeekGirlCon,66,,,,,,,,,,,,,,,,,,
GeekMomBlog,56,,,,,,,,,,,,,,,,,,
GeekOutSW,52,,,,,,,,,,,,,,,,,,
Geekthenews,45,,,,,,,,,,,,,,,,,,
Geeky_Tim,57,,,,,,,,,,,,,,,,,,
GeekyGadgets,50,,,,,,,,,,,,,,,,,,
Gelada,44,,,,,,,,,,,,,,,,,,
generalcrozier,43,,,,,,,,,,,,,,,,,,
GenesisAPS,28,,,,,,,,,,,,,,,,,,
GenkiGamingTv,20,,,,,,,,,,,,,,,,,,
GeorgeKrstic,54,,,,,,,,,,,,,,,,,,
GeorgeSocially,38,,,,,,,,,,,,,,,,,,
ggongwer,66,,,,,,,,,,,,,,,,,,
ghimlay,58,,,,,,,,,,,,,,,,,,
GIANMARIA1977,44,,,,,,,,,,,,,,,,,,
GigiEdgley,63,,,,,,,,,,,,,,,,,,
ginavergel7,63,,,,,,,,,,,,,,,,,,
ginger_mom17,37,,,,,,,,,,,,,,,,,,
GirlGeekUpNorth,57,,,,,,,,,,,,,,,,,,
GiveUpArt,47,,,,,,,,,,,,,,,,,,
gizmag,63,,,,,,,,,,,,,,,,,,
glamourmag,70,,,,,,,,,,,,,,,,,,
GlasgowLib,53,,,,,,,,,,,,,,,,,,
glassbottommeg,67,,,,,,,,,,,,,,,,,,
GMorts_Chaotica,41,,,,,,,,,,,,,,,,,,
GMTimD,31,,,,,,,,,,,,,,,,,,
gnomestew,58,,,,,,,,,,,,,,,,,,
goldenpolaroid,80,,,,,,,,,,,,,,,,,,
goldenwaave,52,,,,,,,,,,,,,,,,,,
GoodmanGames,58,,,,,,,,,,,,,,,,,,
gordsellar,43,,,,,,,,,,,,,,,,,,
gr3yr0n1n,48,,,,,,,,,,,,,,,,,,
Grandpa_Batman,50,,,,,,,,,,,,,,,,,,
GreenwichHour,68,,,,,,,,,,,,,,,,,,
gregmishka,48,,,,,,,,,,,,,,,,,,
grickle,55,,,,,,,,,,,,,,,,,,
grumpyvegan,53,,,,,,,,,,,,,,,,,,
guidaautonoma,62,,,,,,,,,,,,,,,,,,
GurneyJourney,62,,,,,,,,,,,,,,,,,,
Guyism,53,,,,,,,,,,,,,,,,,,
Gwenda,72,,,,,,,,,,,,,,,,,,
Gwennchan,45,,,,,,,,,,,,,,,,,,
GyariSan1138,44,,,,,,,,,,,,,,,,,,
hackaday,74,,,,,,,,,,,,,,,,,,
hackadayio,61,,,,,,,,,,,,,,,,,,
HacksterPro,73,,,,,,,,,,,,,,,,,,
haloovfire,36,,,,,,,,,,,,,,,,,,
HalpernAlex,77,,,,,,,,,,,,,,,,,,
hanka,21,,,,,,,,,,,,,,,,,,
Hapy_One,36,,,,,,,,,,,,,,,,,,
harryallen,63,,,,,,,,,,,,,,,,,,
HashtagRadioNZ,50,,,,,,,,,,,,,,,,,,
haydnroff,30,,,,,,,,,,,,,,,,,,
Hazel_ok,58,,,,,,,,,,,,,,,,,,
HealthyVoyager,48,,,,,,,,,,,,,,,,,,
HealthyWrld,59,,,,,,,,,,,,,,,,,,
HeavyCardboard,66,,,,,,,,,,,,,,,,,,
heleenaw,31,,,,,,,,,,,,,,,,,,
Hellsfire,27,,,,,,,,,,,,,,,,,,
HenshinAsset,25,,,,,,,,,,,,,,,,,,
Hey_BenB,29,,,,,,,,,,,,,,,,,,
HFCNews,52,,,,,,,,,,,,,,,,,,
HFGEnthusiast,32,,,,,,,,,,,,,,,,,,
highway_62,62,,,,,,,,,,,,,,,,,,
hobonora,53,,,,,,,,,,,,,,,,,,
Hologram,80,,,,,,,,,,,,,,,,,,
HotTweetDeals,1,,,,,,,,,,,,,,,,,,
housefrau_,34,,,,,,,,,,,,,,,,,,
HowToGM,44,,,,,,,,,,,,,,,,,,
howudish,42,,,,,,,,,,,,,,,,,,
Huckberry,57,,,,,,,,,,,,,,,,,,
hudsyhawn,48,,,,,,,,,,,,,,,,,,
HumanBeanHeals,44,,,,,,,,,,,,,,,,,,
humandiaries,30,,,,,,,,,,,,,,,,,,
HungryHalfling,34,,,,,,,,,,,,,,,,,,
hyperstarter,64,,,,,,,,,,,,,,,,,,
IamKaylaVon,41,,,,,,,,,,,,,,,,,,
iamskyewalker,27,,,,,,,,,,,,,,,,,,
IanRLiddle,30,,,,,,,,,,,,,,,,,,
ichray63,32,,,,,,,,,,,,,,,,,,
idfgforum,46,,,,,,,,,,,,,,,,,,
IDWGames,62,,,,,,,,,,,,,,,,,,
IDWPublishing,63,,,,,,,,,,,,,,,,,,
iFilmmakers,44,,,,,,,,,,,,,,,,,,
IFMU_Gaming,56,,,,,,,,,,,,,,,,,,
ifshesaysit,29,,,,,,,,,,,,,,,,,,
IfusMoraine,69,,,,,,,,,,,,,,,,,,
ignoblegnome,43,,,,,,,,,,,,,,,,,,
Im_Sylien,50,,,,,,,,,,,,,,,,,,
IMAO_,78,,,,,,,,,,,,,,,,,,
iMoGalore,44,,,,,,,,,,,,,,,,,,
IMsweden,50,,,,,,,,,,,,,,,,,,
inclusive_games,36,,,,,,,,,,,,,,,,,,
incubatoredu,44,,,,,,,,,,,,,,,,,,
Indie_launchpad,64,,,,,,,,,,,,,,,,,,
indiebookpromos,45,,,,,,,,,,,,,,,,,,
IndieDiscoverer,49,,,,,,,,,,,,,,,,,,
IndieGameAllies,74,,,,,,,,,,,,,,,,,,
IndieGameLover,38,,,,,,,,,,,,,,,,,,
IndieWolverine,42,,,,,,,,,,,,,,,,,,
infosolprovider,18,,,,,,,,,,,,,,,,,,
InnaBoxDesign,53,,,,,,,,,,,,,,,,,,
InnuendoSquadS,50,,,,,,,,,,,,,,,,,,
insertquesthere,39,,,,,,,,,,,,,,,,,,
intel_stewart,48,,,,,,,,,,,,,,,,,,
investors_by,53,,,,,,,,,,,,,,,,,,
InvisionGameCom,60,,,,,,,,,,,,,,,,,,
iotecglobal,49,,,,,,,,,,,,,,,,,,
iotguide,62,,,,,,,,,,,,,,,,,,
ipadness,80,,,,,,,,,,,,,,,,,,
ironicteachings,9,,,,,,,,,,,,,,,,,,
IrregularMag,33,,,,,,,,,,,,,,,,,,
IsatisSnowfox,23,,,,,,,,,,,,,,,,,,
ISS_Software,19,,,,,,,,,,,,,,,,,,
itworldca,49,,,,,,,,,,,,,,,,,,
izthete,38,,,,,,,,,,,,,,,,,,
JackeyCarkey,44,,,,,,,,,,,,,,,,,,
jacobleewick,52,,,,,,,,,,,,,,,,,,
jacquenodell,48,,,,,,,,,,,,,,,,,,
jaeminIuvr,61,,,,,,,,,,,,,,,,,,
Jaggededgegear,42,,,,,,,,,,,,,,,,,,
jalangevine,36,,,,,,,,,,,,,,,,,,
jam_hirons,65,,,,,,,,,,,,,,,,,,
jamahans,38,,,,,,,,,,,,,,,,,,
jambapg,30,,,,,,,,,,,,,,,,,,
james_r_eads,31,,,,,,,,,,,,,,,,,,
james3neal,60,,,,,,,,,,,,,,,,,,
JamesandKarla,40,,,,,,,,,,,,,,,,,,
Jamie1km,51,,,,,,,,,,,,,,,,,,
jamiekinney,43,,,,,,,,,,,,,,,,,,
JapanimeGames,51,,,,,,,,,,,,,,,,,,
JasonElsom,64,,,,,,,,,,,,,,,,,,
JaxOfBo,62,,,,,,,,,,,,,,,,,,
jbaredesign,16,,,,,,,,,,,,,,,,,,
jbolognino,55,,,,,,,,,,,,,,,,,,
jdaman79,40,,,,,,,,,,,,,,,,,,
JeffMiracola,45,,,,,,,,,,,,,,,,,,
JennSandercock,55,,,,,,,,,,,,,,,,,,
jennywbristol,55,,,,,,,,,,,,,,,,,,
jephjonez,49,,,,,,,,,,,,,,,,,,
jeremygutsche,53,,,,,,,,,,,,,,,,,,
Jewson,58,,,,,,,,,,,,,,,,,,
JFC_RU,44,,,,,,,,,,,,,,,,,,
JFGarrard,46,,,,,,,,,,,,,,,,,,
jgreco,54,,,,,,,,,,,,,,,,,,
JhedronLuckspar,63,,,,,,,,,,,,,,,,,,
JimmyJLess,52,,,,,,,,,,,,,,,,,,
Jipin,61,,,,,,,,,,,,,,,,,,
jlobkowicz,43,,,,,,,,,,,,,,,,,,
joanatype,41,,,,,,,,,,,,,,,,,,
JoeGKushner,52,,,,,,,,,,,,,,,,,,
Joel_Couture,69,,,,,,,,,,,,,,,,,,
joephillipsart,52,,,,,,,,,,,,,,,,,,
johndumelo1,79,,,,,,,,,,,,,,,,,,
johnguzlowski,74,,,,,,,,,,,,,,,,,,
johnhalton,59,,,,,,,,,,,,,,,,,,
jojojeje,32,,,,,,,,,,,,,,,,,,
JonathanBobrow,46,,,,,,,,,,,,,,,,,,
jonnybaker,47,,,,,,,,,,,,,,,,,,
jonnycraig4L,93,,,,,,,,,,,,,,,,,,
jonsamuelson,49,,,,,,,,,,,,,,,,,,
JonSchnepp,72,,,,,,,,,,,,,,,,,,
jordan_long95,37,,,,,,,,,,,,,,,,,,
JorgeBucaran,37,,,,,,,,,,,,,,,,,,
joy_m_banks,45,,,,,,,,,,,,,,,,,,
joygraceharmony,38,,,,,,,,,,,,,,,,,,
jpalmiotti,79,,,,,,,,,,,,,,,,,,
JPatanio,55,,,,,,,,,,,,,,,,,,
jsanz,59,,,,,,,,,,,,,,,,,,
juliabhaber,53,,,,,,,,,,,,,,,,,,
juliyeauuh,44,,,,,,,,,,,,,,,,,,
junglehump,57,,,,,,,,,,,,,,,,,,
JustAddDesign,36,,,,,,,,,,,,,,,,,,
JustinSirois,37,,,,,,,,,,,,,,,,,,
justplainloco,40,,,,,,,,,,,,,,,,,,
jwisser,67,,,,,,,,,,,,,,,,,,
K_Kuota,55,,,,,,,,,,,,,,,,,,
Kaboobi,3,,,,,,,,,,,,,,,,,,
Kardify,41,,,,,,,,,,,,,,,,,,
Karen_Words,39,,,,,,,,,,,,,,,,,,
kashthefuturist,58,,,,,,,,,,,,,,,,,,
KAtBlasingame,46,,,,,,,,,,,,,,,,,,
katerussell,61,,,,,,,,,,,,,,,,,,
KateSanner,62,,,,,,,,,,,,,,,,,,
KathleenHarrym1,83,,,,,,,,,,,,,,,,,,
KathyHolzapfel,44,,,,,,,,,,,,,,,,,,
katyfaise,49,,,,,,,,,,,,,,,,,,
KAy_TIEmyshoes,64,,,,,,,,,,,,,,,,,,
kayleebird_,50,,,,,,,,,,,,,,,,,,
KellyMacFarlane,47,,,,,,,,,,,,,,,,,,
KerrieDougherty,48,,,,,,,,,,,,,,,,,,
KerryJDonovan,65,,,,,,,,,,,,,,,,,,
kerstyncomley,39,,,,,,,,,,,,,,,,,,
Ketsuki_WoW,60,,,,,,,,,,,,,,,,,,
kevinbparry,73,,,,,,,,,,,,,,,,,,
Kickfunding,41,,,,,,,,,,,,,,,,,,
KickOffMagazine,82,,,,,,,,,,,,,,,,,,
Kickstartech,29,,,,,,,,,,,,,,,,,,
kickstarter,71,,,,,,,,,,,,,,,,,,
KickstarterArts,49,,,,,,,,,,,,,,,,,,
KickstartMeFast,49,,,,,,,,,,,,,,,,,,
Kidmechano,38,,,,,,,,,,,,,,,,,,
kidstablebg,48,,,,,,,,,,,,,,,,,,
Kidzcoolit,68,,,,,,,,,,,,,,,,,,
KimGaddini,51,,,,,,,,,,,,,,,,,,
KimMichelleRos1,67,,,,,,,,,,,,,,,,,,
KimOlson4TxAg,43,,,,,,,,,,,,,,,,,,
KindaHibrawi,30,,,,,,,,,,,,,,,,,,
KingOfNotMuch,37,,,,,,,,,,,,,,,,,,
kirileonard,55,,,,,,,,,,,,,,,,,,
KirstenAlana,62,,,,,,,,,,,,,,,,,,
KJKabza,41,,,,,,,,,,,,,,,,,,
kjrevia,68,,,,,,,,,,,,,,,,,,
knarfuu,35,,,,,,,,,,,,,,,,,,
kncklsndwch,63,,,,,,,,,,,,,,,,,,
KnockerHolly,53,,,,,,,,,,,,,,,,,,
Knog,43,,,,,,,,,,,,,,,,,,
KnowTechie,48,,,,,,,,,,,,,,,,,,
kolossalgames,53,,,,,,,,,,,,,,,,,,
KRADeC,50,,,,,,,,,,,,,,,,,,
krcircuit,59,,,,,,,,,,,,,,,,,,
KrisHans,69,,,,,,,,,,,,,,,,,,
KroneckerWallis,46,,,,,,,,,,,,,,,,,,
krowdster,73,,,,,,,,,,,,,,,,,,
kryptonradio,62,,,,,,,,,,,,,,,,,,
kulaComfort,43,,,,,,,,,,,,,,,,,,
kulalove2,3,,,,,,,,,,,,,,,,,,
kuusevana,47,,,,,,,,,,,,,,,,,,
KyTrangHo,37,,,,,,,,,,,,,,,,,,
labwam,27,,,,,,,,,,,,,,,,,,
lackriver,19,,,,,,,,,,,,,,,,,,
Lady_Ada_King,64,,,,,,,,,,,,,,,,,,
ladygra_gra,48,,,,,,,,,,,,,,,,,,
lalasdreambox,48,,,,,,,,,,,,,,,,,,
lamisterlesbian,54,,,,,,,,,,,,,,,,,,
land_patricio,47,,,,,,,,,,,,,,,,,,
LangueDeGeek,57,,,,,,,,,,,,,,,,,,
lanzastudy,37,,,,,,,,,,,,,,,,,,
larazontally,53,,,,,,,,,,,,,,,,,,
larrymacdougall,65,,,,,,,,,,,,,,,,,,
LauraMLippman,76,,,,,,,,,,,,,,,,,,
LaurynIpsum,49,,,,,,,,,,,,,,,,,,
Laviemorte_,49,,,,,,,,,,,,,,,,,,
LDuckGames,46,,,,,,,,,,,,,,,,,,
leansmarthome,56,,,,,,,,,,,,,,,,,,
leebrown_photo,33,,,,,,,,,,,,,,,,,,
Legendstabletop,56,,,,,,,,,,,,,,,,,,
legionpaper,21,,,,,,,,,,,,,,,,,,
Leo_El_Jugador,56,,,,,,,,,,,,,,,,,,
LEONR0MER,32,,,,,,,,,,,,,,,,,,
leppy83,13,,,,,,,,,,,,,,,,,,
Lethargic_Lad,35,,,,,,,,,,,,,,,,,,
LetimanGames,60,,,,,,,,,,,,,,,,,,
lettchoco,43,,,,,,,,,,,,,,,,,,
lgbtkenobi,76,,,,,,,,,,,,,,,,,,
liamdaly,51,,,,,,,,,,,,,,,,,,
Libbyb92,48,,,,,,,,,,,,,,,,,,
LibraryBards,64,,,,,,,,,,,,,,,,,,
lilstrange_,38,,,,,,,,,,,,,,,,,,
LionintheTrees,66,,,,,,,,,,,,,,,,,,
LisSycamoreWood,54,,,,,,,,,,,,,,,,,,
littleozemari,43,,,,,,,,,,,,,,,,,,
LitTranslate,59,,,,,,,,,,,,,,,,,,
littsburgh,47,,,,,,,,,,,,,,,,,,
liverpoolimages,68,,,,,,,,,,,,,,,,,,
lizardqueen137,49,,,,,,,,,,,,,,,,,,
LlewellynBooks,59,,,,,,,,,,,,,,,,,,
LloydGwilliam,38,,,,,,,,,,,,,,,,,,
LlSinopa,34,,,,,,,,,,,,,,,,,,
LnLPub,38,,,,,,,,,,,,,,,,,,
LobShots,67,,,,,,,,,,,,,,,,,,
logann_perryy,41,,,,,,,,,,,,,,,,,,
logygames,33,,,,,,,,,,,,,,,,,,
LonnaSeibert,51,,,,,,,,,,,,,,,,,,
looseuterus,51,,,,,,,,,,,,,,,,,,
LosingLara,51,,,,,,,,,,,,,,,,,,
LoudounNow,41,,,,,,,,,,,,,,,,,,
Lucky62058333,75,,,,,,,,,,,,,,,,,,
LucyScholes,46,,,,,,,,,,,,,,,,,,
ludinarius,57,,,,,,,,,,,,,,,,,,
LynnWorton,59,,,,,,,,,,,,,,,,,,
LyonelBernard,45,,,,,,,,,,,,,,,,,,
mabelhood,58,,,,,,,,,,,,,,,,,,
mactavish,45,,,,,,,,,,,,,,,,,,
madil80,79,,,,,,,,,,,,,,,,,,
MaeSimkin,37,,,,,,,,,,,,,,,,,,
MagicOrthodoxy,47,,,,,,,,,,,,,,,,,,
MakerFaireRoc,49,,,,,,,,,,,,,,,,,,
malaneuh,66,,,,,,,,,,,,,,,,,,
malpertuis,40,,,,,,,,,,,,,,,,,,
manabrownies,64,,,,,,,,,,,,,,,,,,
manixur,30,,,,,,,,,,,,,,,,,,
manvsmeeple,56,,,,,,,,,,,,,,,,,,
mappingmegan,73,,,,,,,,,,,,,,,,,,
Maree71439592,84,,,,,,,,,,,,,,,,,,
margiesmith2011,39,,,,,,,,,,,,,,,,,,
MargotAtwell,53,,,,,,,,,,,,,,,,,,
MarieClapsaddle,36,,,,,,,,,,,,,,,,,,
MarieSexton,51,,,,,,,,,,,,,,,,,,
MarkOblivious,46,,,,,,,,,,,,,,,,,,
markpopham,77,,,,,,,,,,,,,,,,,,
MarthaHalfordPR,44,,,,,,,,,,,,,,,,,,
martiansoil,60,,,,,,,,,,,,,,,,,,
Mary_Bellamy,30,,,,,,,,,,,,,,,,,,
MaryMorganVoice,50,,,,,,,,,,,,,,,,,,
MarySueSays,64,,,,,,,,,,,,,,,,,,
mashup_coub,26,,,,,,,,,,,,,,,,,,
MaskedShaman,25,,,,,,,,,,,,,,,,,,
MatericLook,40,,,,,,,,,,,,,,,,,,
mattfaulisi,40,,,,,,,,,,,,,,,,,,
mattthr,63,,,,,,,,,,,,,,,,,,
MattVerderame,68,,,,,,,,,,,,,,,,,,
MauraWilding,54,,,,,,,,,,,,,,,,,,
maxplayingcards,36,,,,,,,,,,,,,,,,,,
maydaygames,43,,,,,,,,,,,,,,,,,,
mcdoidge,51,,,,,,,,,,,,,,,,,,
MeaKitty,42,,,,,,,,,,,,,,,,,,
MedGizmo,59,,,,,,,,,,,,,,,,,,
megjmont,39,,,,,,,,,,,,,,,,,,
Melorailiana,59,,,,,,,,,,,,,,,,,,
mendozasalado,33,,,,,,,,,,,,,,,,,,
MeneerkeP,12,,,,,,,,,,,,,,,,,,
MeowMoeDotCom,69,,,,,,,,,,,,,,,,,,
MfgStories,66,,,,,,,,,,,,,,,,,,
MI_Focus,34,,,,,,,,,,,,,,,,,,
MiaLiljeberg,47,,,,,,,,,,,,,,,,,,
MICA_CD,42,,,,,,,,,,,,,,,,,,
MicrochipMakes,68,,,,,,,,,,,,,,,,,,
Microcosmmm,53,,,,,,,,,,,,,,,,,,
Mike_In_Tomago,45,,,,,,,,,,,,,,,,,,
mikeshouts,46,,,,,,,,,,,,,,,,,,
mikeyburton,44,,,,,,,,,,,,,,,,,,
Mikeyothedj,40,,,,,,,,,,,,,,,,,,
milkychai,62,,,,,,,,,,,,,,,,,,
mindsparklemag,49,,,,,,,,,,,,,,,,,,
Misopogon,54,,,,,,,,,,,,,,,,,,
MiSpringboard,40,,,,,,,,,,,,,,,,,,
Miss_Engineered,46,,,,,,,,,,,,,,,,,,
MissionHealthNC,55,,,,,,,,,,,,,,,,,,
MissNykki,17,,,,,,,,,,,,,,,,,,
miyagi_ryota,33,,,,,,,,,,,,,,,,,,
MJLBlogger,52,,,,,,,,,,,,,,,,,,
mmbilal,71,,,,,,,,,,,,,,,,,,
mmockingbird,65,,,,,,,,,,,,,,,,,,
Mnawrah,41,,,,,,,,,,,,,,,,,,
MobileSyrup,70,,,,,,,,,,,,,,,,,,
Mocha_Soul,48,,,,,,,,,,,,,,,,,,
mockman,61,,,,,,,,,,,,,,,,,,
modaco,29,,,,,,,,,,,,,,,,,,
Modernvinyl,62,,,,,,,,,,,,,,,,,,
Modiphius,64,,,,,,,,,,,,,,,,,,
MODoutdoor,48,,,,,,,,,,,,,,,,,,
Monkey7771,43,,,,,,,,,,,,,,,,,,
MonkeyWrenchATX,43,,,,,,,,,,,,,,,,,,
moon_mxtr,50,,,,,,,,,,,,,,,,,,
Moosekleenex,65,,,,,,,,,,,,,,,,,,
moregamespls,53,,,,,,,,,,,,,,,,,,
Morgannn_Sierra,48,,,,,,,,,,,,,,,,,,
Moshology,64,,,,,,,,,,,,,,,,,,
Mosioatunya11,54,,,,,,,,,,,,,,,,,,
MOWheatley,38,,,,,,,,,,,,,,,,,,
MPRG_Victoria,38,,,,,,,,,,,,,,,,,,
Mrbosslady,47,,,,,,,,,,,,,,,,,,
mrdavidfilm,28,,,,,,,,,,,,,,,,,,
MrDBerger,56,,,,,,,,,,,,,,,,,,
mrfeelswildride,80,,,,,,,,,,,,,,,,,,
mrlindner,51,,,,,,,,,,,,,,,,,,
mrmkay,36,,,,,,,,,,,,,,,,,,
MrNHendrix,58,,,,,,,,,,,,,,,,,,
MrShortFry,40,,,,,,,,,,,,,,,,,,
msraynsford,16,,,,,,,,,,,,,,,,,,
MTD_Jake,50,,,,,,,,,,,,,,,,,,
mttstntn,45,,,,,,,,,,,,,,,,,,
Mumbrellanews,50,,,,,,,,,,,,,,,,,,
MurderHoboShow,29,,,,,,,,,,,,,,,,,,
muscularpikachu,63,,,,,,,,,,,,,,,,,,
MusicTalks_xyz,65,,,,,,,,,,,,,,,,,,
muskrat_john,70,,,,,,,,,,,,,,,,,,
musosguide,50,,,,,,,,,,,,,,,,,,
muz4now,67,,,,,,,,,,,,,,,,,,
mylin1,57,,,,,,,,,,,,,,,,,,
mystikka,47,,,,,,,,,,,,,,,,,,
MyTopKS,39,,,,,,,,,,,,,,,,,,
NaeKhen,45,,,,,,,,,,,,,,,,,,
NaijaHitsFM,58,,,,,,,,,,,,,,,,,,
nametoobasque,30,,,,,,,,,,,,,,,,,,
nancyjcohen,59,,,,,,,,,,,,,,,,,,
nashvillesounds,68,,,,,,,,,,,,,,,,,,
natsecdalton,53,,,,,,,,,,,,,,,,,,
NavidGornall,36,,,,,,,,,,,,,,,,,,
nbc_net,52,,,,,,,,,,,,,,,,,,
ndahlberg,62,,,,,,,,,,,,,,,,,,
NDShipley,40,,,,,,,,,,,,,,,,,,
NeilaK20,75,,,,,,,,,,,,,,,,,,
Nelehasia,41,,,,,,,,,,,,,,,,,,
neophobica,38,,,,,,,,,,,,,,,,,,
NeowinFeed,67,,,,,,,,,,,,,,,,,,
Nerdarchy,62,,,,,,,,,,,,,,,,,,
NerdyFace22,29,,,,,,,,,,,,,,,,,,
netzvagabund,57,,,,,,,,,,,,,,,,,,
NeverBoredGames,43,,,,,,,,,,,,,,,,,,
NewsWatchTV,51,,,,,,,,,,,,,,,,,,
NextFab_PHL,52,,,,,,,,,,,,,,,,,,
nfajeff,58,,,,,,,,,,,,,,,,,,
NicheGame,80,,,,,,,,,,,,,,,,,,
nicolbwmc,18,,,,,,,,,,,,,,,,,,
NightSkyGames,50,,,,,,,,,,,,,,,,,,
NoaTugy,47,,,,,,,,,,,,,,,,,,
NoNonsenseJo,3,,,,,,,,,,,,,,,,,,
nook_pod,44,,,,,,,,,,,,,,,,,,
Noomoid,46,,,,,,,,,,,,,,,,,,
norm,70,,,,,,,,,,,,,,,,,,
NORSKK1,33,,,,,,,,,,,,,,,,,,
notesinabook,38,,,,,,,,,,,,,,,,,,
NotoriousJnX,62,,,,,,,,,,,,,,,,,,
notreble,56,,,,,,,,,,,,,,,,,,
nuancedminutiae,38,,,,,,,,,,,,,,,,,,
nucaica,59,,,,,,,,,,,,,,,,,,
nurse_nurse,58,,,,,,,,,,,,,,,,,,
NwiComicCon,36,,,,,,,,,,,,,,,,,,
OandFPodcast,50,,,,,,,,,,,,,,,,,,
obfuscatingGod,33,,,,,,,,,,,,,,,,,,
oceanodejuegos,61,,,,,,,,,,,,,,,,,,
OdiniaInvictus,59,,,,,,,,,,,,,,,,,,
ofdicendragons,54,,,,,,,,,,,,,,,,,,
OJCade,46,,,,,,,,,,,,,,,,,,
OkleMiller,38,,,,,,,,,,,,,,,,,,
oldsoft,44,,,,,,,,,,,,,,,,,,
oli_woodman,35,,,,,,,,,,,,,,,,,,
omfgblondie,56,,,,,,,,,,,,,,,,,,
OmgItsTopher_,45,,,,,,,,,,,,,,,,,,
OneCritWonder,2,,,,,,,,,,,,,,,,,,
OneInchPunchInc,47,,,,,,,,,,,,,,,,,,
OneShotRPG,70,,,,,,,,,,,,,,,,,,
OnlyPlayWizards,40,,,,,,,,,,,,,,,,,,
onlythosethings,55,,,,,,,,,,,,,,,,,,
openhousetv,49,,,,,,,,,,,,,,,,,,
OpesPopuli,48,,,,,,,,,,,,,,,,,,
osamadorias,54,,,,,,,,,,,,,,,,,,
OutOnTheMoors,79,,,,,,,,,,,,,,,,,,
palettegear,48,,,,,,,,,,,,,,,,,,
PamelaSamuelson,70,,,,,,,,,,,,,,,,,,
panda_138,43,,,,,,,,,,,,,,,,,,
paolodilamio,52,,,,,,,,,,,,,,,,,,
PapaLemonBooks,52,,,,,,,,,,,,,,,,,,
pdubarry,52,,,,,,,,,,,,,,,,,,
PeaceLoveNGames,52,,,,,,,,,,,,,,,,,,
peacock10,52,,,,,,,,,,,,,,,,,,
peakdesignltd,53,,,,,,,,,,,,,,,,,,
pedrilli,41,,,,,,,,,,,,,,,,,,
PEG_Games,56,,,,,,,,,,,,,,,,,,
PELightning,56,,,,,,,,,,,,,,,,,,
PenanceRPG,67,,,,,,,,,,,,,,,,,,
PerfectEDC,16,,,,,,,,,,,,,,,,,,
peter_gillet,44,,,,,,,,,,,,,,,,,,
pgh_gamer,38,,,,,,,,,,,,,,,,,,
philipjreed,58,,,,,,,,,,,,,,,,,,
PhilpottDon,56,,,,,,,,,,,,,,,,,,
PHISHpointO,59,,,,,,,,,,,,,,,,,,
PhongOdin,39,,,,,,,,,,,,,,,,,,
photographyblog,32,,,,,,,,,,,,,,,,,,
photojack,53,,,,,,,,,,,,,,,,,,
photorumors,62,,,,,,,,,,,,,,,,,,
picobrewbeer,52,,,,,,,,,,,,,,,,,,
PieterCappelle,52,,,,,,,,,,,,,,,,,,
pixelmelter,32,,,,,,,,,,,,,,,,,,
Pjschard,61,,,,,,,,,,,,,,,,,,
pjwilks,50,,,,,,,,,,,,,,,,,,
PlanBstudio,52,,,,,,,,,,,,,,,,,,
PlayJellybean,48,,,,,,,,,,,,,,,,,,
PoeticStudio,50,,,,,,,,,,,,,,,,,,
polmstead1,25,,,,,,,,,,,,,,,,,,
PolyhedronC,50,,,,,,,,,,,,,,,,,,
postcrossing,57,,,,,,,,,,,,,,,,,,
preacherush,57,,,,,,,,,,,,,,,,,,
pride_site,73,,,,,,,,,,,,,,,,,,
princesssudi,45,,,,,,,,,,,,,,,,,,
PrintNinja,44,,,,,,,,,,,,,,,,,,
ProductHunt,82,,,,,,,,,,,,,,,,,,
ProductionsW7,33,,,,,,,,,,,,,,,,,,
ProfClayton,54,,,,,,,,,,,,,,,,,,
ProgTalkPoints,12,,,,,,,,,,,,,,,,,,
PROleary,18,,,,,,,,,,,,,,,,,,
propsofprophecy,28,,,,,,,,,,,,,,,,,,
ProVideo,54,,,,,,,,,,,,,,,,,,
psahre,44,,,,,,,,,,,,,,,,,,
pthistory,59,,,,,,,,,,,,,,,,,,
pts,83,,,,,,,,,,,,,,,,,,
PublicLab,52,,,,,,,,,,,,,,,,,,
PubMeeple,41,,,,,,,,,,,,,,,,,,
PuncherLongo,32,,,,,,,,,,,,,,,,,,
PuneCityLife,56,,,,,,,,,,,,,,,,,,
quartzandcoal,41,,,,,,,,,,,,,,,,,,
QUTfoundry,59,,,,,,,,,,,,,,,,,,
R6Patho,25,,,,,,,,,,,,,,,,,,
radiodrama,56,,,,,,,,,,,,,,,,,,
rafaelshimunov,69,,,,,,,,,,,,,,,,,,
ragso,52,,,,,,,,,,,,,,,,,,
Raidrith,32,,,,,,,,,,,,,,,,,,
RainSage,52,,,,,,,,,,,,,,,,,,
rajupp,71,,,,,,,,,,,,,,,,,,
randomdnd,51,,,,,,,,,,,,,,,,,,
rapjoeybatts,37,,,,,,,,,,,,,,,,,,
raptor1421,28,,,,,,,,,,,,,,,,,,
RaymondPat7734,32,,,,,,,,,,,,,,,,,,
RCA,83,,,,,,,,,,,,,,,,,,
re_v1k,28,,,,,,,,,,,,,,,,,,
ReAdverts,44,,,,,,,,,,,,,,,,,,
RealComicSutra,58,,,,,,,,,,,,,,,,,,
RedPlatePress,36,,,,,,,,,,,,,,,,,,
ReflexPillow,44,,,,,,,,,,,,,,,,,,
RelinaHernandez,55,,,,,,,,,,,,,,,,,,
RemedyzPwnCast,47,,,,,,,,,,,,,,,,,,
RenElleryBnT,43,,,,,,,,,,,,,,,,,,
residentadvisor,75,,,,,,,,,,,,,,,,,,
respect4all,53,,,,,,,,,,,,,,,,,,
Retr0J,55,,,,,,,,,,,,,,,,,,
revsarahheath,47,,,,,,,,,,,,,,,,,,
rgesthuizen,54,,,,,,,,,,,,,,,,,,
RhysticStudies,62,,,,,,,,,,,,,,,,,,
richardjwaters,58,,,,,,,,,,,,,,,,,,
RichGetz,48,,,,,,,,,,,,,,,,,,
RicksterRicks,67,,,,,,,,,,,,,,,,,,
RisingStarPress,44,,,,,,,,,,,,,,,,,,
riskstaff,56,,,,,,,,,,,,,,,,,,
RittervonRost,42,,,,,,,,,,,,,,,,,,
Robbotron,60,,,,,,,,,,,,,,,,,,
robertapagnini,50,,,,,,,,,,,,,,,,,,
robkroese,73,,,,,,,,,,,,,,,,,,
RobotechNews,62,,,,,,,,,,,,,,,,,,
Robotschampion,21,,,,,,,,,,,,,,,,,,
rockpapercynic,58,,,,,,,,,,,,,,,,,,
RonCNieto,38,,,,,,,,,,,,,,,,,,
ronnie136,31,,,,,,,,,,,,,,,,,,
RoryJSomers,41,,,,,,,,,,,,,,,,,,
RosaSwannAuthor,44,,,,,,,,,,,,,,,,,,
rosespringvale,43,,,,,,,,,,,,,,,,,,
RossRintala,62,,,,,,,,,,,,,,,,,,
rotorxracing,54,,,,,,,,,,,,,,,,,,
rpg_crunch,36,,,,,,,,,,,,,,,,,,
RPGadvocate,43,,,,,,,,,,,,,,,,,,
RPGGuru,37,,,,,,,,,,,,,,,,,,
rshipleyart,45,,,,,,,,,,,,,,,,,,
rstarsick,27,,,,,,,,,,,,,,,,,,
rtehrani,69,,,,,,,,,,,,,,,,,,
RubySojourner,64,,,,,,,,,,,,,,,,,,
rudytheelder,52,,,,,,,,,,,,,,,,,,
Russell_Brower,49,,,,,,,,,,,,,,,,,,
SAfridi_LoveR10,57,,,,,,,,,,,,,,,,,,
saladinazad,46,,,,,,,,,,,,,,,,,,
sallytheobald,59,,,,,,,,,,,,,,,,,,
SandyofCthulhu,54,,,,,,,,,,,,,,,,,,
SapphireSteamy,61,,,,,,,,,,,,,,,,,,
SavageBloggers,50,,,,,,,,,,,,,,,,,,
sbmeunier,72,,,,,,,,,,,,,,,,,,
sbuchbinder,66,,,,,,,,,,,,,,,,,,
scarletmonahan,72,,,,,,,,,,,,,,,,,,
SchneeCreations,56,,,,,,,,,,,,,,,,,,
scientiffic,47,,,,,,,,,,,,,,,,,,
ScontiDaCinema,42,,,,,,,,,,,,,,,,,,
ScotlandsPeople,55,,,,,,,,,,,,,,,,,,
SCP_1247,45,,,,,,,,,,,,,,,,,,
sdesatoff,42,,,,,,,,,,,,,,,,,,
SeanIzaakse,57,,,,,,,,,,,,,,,,,,
seankmckeever,63,,,,,,,,,,,,,,,,,,
SeanNittner,58,,,,,,,,,,,,,,,,,,
seattle48hfp,45,,,,,,,,,,,,,,,,,,
SelamtaMagazine,25,,,,,,,,,,,,,,,,,,
SengledUSA,50,,,,,,,,,,,,,,,,,,
sethw,59,,,,,,,,,,,,,,,,,,
sfnexmap,40,,,,,,,,,,,,,,,,,,
ShanePlaysPR,43,,,,,,,,,,,,,,,,,,
ShannaGermain,70,,,,,,,,,,,,,,,,,,
SharkeyRex,13,,,,,,,,,,,,,,,,,,
SharonSkinner56,50,,,,,,,,,,,,,,,,,,
shawnimal,50,,,,,,,,,,,,,,,,,,
shawno,26,,,,,,,,,,,,,,,,,,
shions_heart,56,,,,,,,,,,,,,,,,,,
SHMeeplesCo,59,,,,,,,,,,,,,,,,,,
ShopFind2014,1,,,,,,,,,,,,,,,,,,
Shuhenaz,36,,,,,,,,,,,,,,,,,,
Sifter,54,,,,,,,,,,,,,,,,,,
SimpleWonders82,63,,,,,,,,,,,,,,,,,,
Sinceron1973,57,,,,,,,,,,,,,,,,,,
sirjoshh,30,,,,,,,,,,,,,,,,,,
SJGames,70,,,,,,,,,,,,,,,,,,
SJohnRoss,39,,,,,,,,,,,,,,,,,,
Skinner_Games,42,,,,,,,,,,,,,,,,,,
Skybound,86,,,,,,,,,,,,,,,,,,
SkyCricket,79,,,,,,,,,,,,,,,,,,
Skye_sant,36,,,,,,,,,,,,,,,,,,
sladelss,38,,,,,,,,,,,,,,,,,,
Sleepie_Cherrie,25,,,,,,,,,,,,,,,,,,
slloyd14,48,,,,,,,,,,,,,,,,,,
SlopesGameRoom,64,,,,,,,,,,,,,,,,,,
SMG_Play,16,,,,,,,,,,,,,,,,,,
SnagletoothWars,64,,,,,,,,,,,,,,,,,,
snarkydogmom,47,,,,,,,,,,,,,,,,,,
SocialSnowflake,30,,,,,,,,,,,,,,,,,,
sofialovesu,48,,,,,,,,,,,,,,,,,,
soitistoldcast,43,,,,,,,,,,,,,,,,,,
SomebodysChlsea,65,,,,,,,,,,,,,,,,,,
sonicstate,60,,,,,,,,,,,,,,,,,,
sotcpod,36,,,,,,,,,,,,,,,,,,
SothebysFr,58,,,,,,,,,,,,,,,,,,
SpeerofD3stiny,57,,,,,,,,,,,,,,,,,,
SpiidiOnNoita,66,,,,,,,,,,,,,,,,,,
spikeybits,46,,,,,,,,,,,,,,,,,,
Spooky3lectric1,26,,,,,,,,,,,,,,,,,,
SpritesNDice,35,,,,,,,,,,,,,,,,,,
sqiouyilu,62,,,,,,,,,,,,,,,,,,
Squach,49,,,,,,,,,,,,,,,,,,
ssoebmizan,39,,,,,,,,,,,,,,,,,,
StadriEmblems,39,,,,,,,,,,,,,,,,,,
stagescycling,50,,,,,,,,,,,,,,,,,,
StamiStudios,43,,,,,,,,,,,,,,,,,,
StarcalledStudi,47,,,,,,,,,,,,,,,,,,
StarlingGames,39,,,,,,,,,,,,,,,,,,
starstarparty,42,,,,,,,,,,,,,,,,,,
startofamoment,45,,,,,,,,,,,,,,,,,,
StarWarsTime,61,,,,,,,,,,,,,,,,,,
State_Scoop,59,,,,,,,,,,,,,,,,,,
StateofShakespe,48,,,,,,,,,,,,,,,,,,
StealthoInfo,60,,,,,,,,,,,,,,,,,,
steamcrow,45,,,,,,,,,,,,,,,,,,
steamgirlgame,46,,,,,,,,,,,,,,,,,,
stefanocortesi,46,,,,,,,,,,,,,,,,,,
stefscribbles,72,,,,,,,,,,,,,,,,,,
Stella_Korosec,37,,,,,,,,,,,,,,,,,,
StellarisGame,79,,,,,,,,,,,,,,,,,,
stephanie_draws,47,,,,,,,,,,,,,,,,,,
stevenaramini,51,,,,,,,,,,,,,,,,,,
StileTeckel,48,,,,,,,,,,,,,,,,,,
StrieEyes,30,,,,,,,,,,,,,,,,,,
stuartpalley,56,,,,,,,,,,,,,,,,,,
studiobliz,38,,,,,,,,,,,,,,,,,,
stupidDOPE,66,,,,,,,,,,,,,,,,,,
Sturbapp,62,,,,,,,,,,,,,,,,,,
SuchFunDB,45,,,,,,,,,,,,,,,,,,
SueForMayor,42,,,,,,,,,,,,,,,,,,
sumohurd,51,,,,,,,,,,,,,,,,,,
Sun_Zulu,54,,,,,,,,,,,,,,,,,,
SuperegoWorld,66,,,,,,,,,,,,,,,,,,
suser_rolfe,46,,,,,,,,,,,,,,,,,,
suzigodson,59,,,,,,,,,,,,,,,,,,
Sweeet83,63,,,,,,,,,,,,,,,,,,
SweetnSpicyBook,37,,,,,,,,,,,,,,,,,,
swfcsc,63,,,,,,,,,,,,,,,,,,
symatt,65,,,,,,,,,,,,,,,,,,
synoisia,53,,,,,,,,,,,,,,,,,,
Szkolar_Lohud,55,,,,,,,,,,,,,,,,,,
t_unmasked,50,,,,,,,,,,,,,,,,,,
ta_hernandez5,58,,,,,,,,,,,,,,,,,,
TabletopPolish,41,,,,,,,,,,,,,,,,,,
TAGchirp,22,,,,,,,,,,,,,,,,,,
TailgatingChall,66,,,,,,,,,,,,,,,,,,
TamiaRHardy,38,,,,,,,,,,,,,,,,,,
tangenghui,47,,,,,,,,,,,,,,,,,,
tanguanikia,29,,,,,,,,,,,,,,,,,,
tanyasthoughts,31,,,,,,,,,,,,,,,,,,
tarotbycecelia,21,,,,,,,,,,,,,,,,,,
tBalanceoPower,35,,,,,,,,,,,,,,,,,,
tcgtrendsetters,50,,,,,,,,,,,,,,,,,,
tdhlifeingames,49,,,,,,,,,,,,,,,,,,
techpp,71,,,,,,,,,,,,,,,,,,
TechRaptr,67,,,,,,,,,,,,,,,,,,
tedvickey,47,,,,,,,,,,,,,,,,,,
tenacioustoys,44,,,,,,,,,,,,,,,,,,
TesseraGuild,62,,,,,,,,,,,,,,,,,,
text_publishing,64,,,,,,,,,,,,,,,,,,
tgn_news,47,,,,,,,,,,,,,,,,,,
ThatAndromeda,54,,,,,,,,,,,,,,,,,,
ThatCthulhuGuy,53,,,,,,,,,,,,,,,,,,
The_Coolector,58,,,,,,,,,,,,,,,,,,
The_Crowds,47,,,,,,,,,,,,,,,,,,
THE_FURY_C_i,51,,,,,,,,,,,,,,,,,,
The_RonJones,43,,,,,,,,,,,,,,,,,,
TheAtariGamer,38,,,,,,,,,,,,,,,,,,
theawesomer,53,,,,,,,,,,,,,,,,,,
theBATCLAM,52,,,,,,,,,,,,,,,,,,
theblackdetour,70,,,,,,,,,,,,,,,,,,
thecultofpop,35,,,,,,,,,,,,,,,,,,
thedicebear,52,,,,,,,,,,,,,,,,,,
thedicemechanic,60,,,,,,,,,,,,,,,,,,
thediceyreview1,36,,,,,,,,,,,,,,,,,,
thegamecrafter,57,,,,,,,,,,,,,,,,,,
TheGeekyDragon,2,,,,,,,,,,,,,,,,,,
TheIanLemke,23,,,,,,,,,,,,,,,,,,
TheJapanShop,27,,,,,,,,,,,,,,,,,,
TheMarsSociety,64,,,,,,,,,,,,,,,,,,
TheMotleyGeek,30,,,,,,,,,,,,,,,,,,
TheNazzaro,49,,,,,,,,,,,,,,,,,,
TheNextWeb,83,,,,,,,,,,,,,,,,,,
theocelotmag,44,,,,,,,,,,,,,,,,,,
TheOnyxPath,65,,,,,,,,,,,,,,,,,,
TheOuterLinux,34,,,,,,,,,,,,,,,,,,
ThePeteAwakens,65,,,,,,,,,,,,,,,,,,
TheQueenSpeaks_,56,,,,,,,,,,,,,,,,,,
thereverandnd,21,,,,,,,,,,,,,,,,,,
TheRpgAcademy,61,,,,,,,,,,,,,,,,,,
TheSpellCast,42,,,,,,,,,,,,,,,,,,
TheUnluckyfrog,45,,,,,,,,,,,,,,,,,,
thewisdomposts,48,,,,,,,,,,,,,,,,,,
thievesguildbiz,59,,,,,,,,,,,,,,,,,,
thing12games,56,,,,,,,,,,,,,,,,,,
ThirdEyeGames,49,,,,,,,,,,,,,,,,,,
ThomasOtterman,64,,,,,,,,,,,,,,,,,,
Tiber_wow,58,,,,,,,,,,,,,,,,,,
timeless,84,,,,,,,,,,,,,,,,,,
timhreha,46,,,,,,,,,,,,,,,,,,
tinkerbellsway,71,,,,,,,,,,,,,,,,,,
TLandin,55,,,,,,,,,,,,,,,,,,
TomChapell,54,,,,,,,,,,,,,,,,,,
tomgurg,46,,,,,,,,,,,,,,,,,,
tommmoore,62,,,,,,,,,,,,,,,,,,
tonyboydell,46,,,,,,,,,,,,,,,,,,
TookyTsuki,63,,,,,,,,,,,,,,,,,,
toolstoys,41,,,,,,,,,,,,,,,,,,
TooManyGames,50,,,,,,,,,,,,,,,,,,
toonhammergames,48,,,,,,,,,,,,,,,,,,
tophersimmons,50,,,,,,,,,,,,,,,,,,
Torian_Girl,56,,,,,,,,,,,,,,,,,,
torilovestoast,52,,,,,,,,,,,,,,,,,,
TowerPB,31,,,,,,,,,,,,,,,,,,
tracimoc,24,,,,,,,,,,,,,,,,,,
tracy_traynor,58,,,,,,,,,,,,,,,,,,
Travis_Fauber,54,,,,,,,,,,,,,,,,,,
trendhunter,64,,,,,,,,,,,,,,,,,,
trendwatching,81,,,,,,,,,,,,,,,,,,
TriathlonTaren,43,,,,,,,,,,,,,,,,,,
triplesense,43,,,,,,,,,,,,,,,,,,
Trollgodfather,58,,,,,,,,,,,,,,,,,,
TrollLordSteve,41,,,,,,,,,,,,,,,,,,
turner_tasha,57,,,,,,,,,,,,,,,,,,
turnspro,43,,,,,,,,,,,,,,,,,,
UDOO_Board,53,,,,,,,,,,,,,,,,,,
UKBeagles,30,,,,,,,,,,,,,,,,,,
UKCrowdfundWeek,53,,,,,,,,,,,,,,,,,,
UltClassicRock,79,,,,,,,,,,,,,,,,,,
UltSurvivalTips,30,,,,,,,,,,,,,,,,,,
UnfilteredRnG,49,,,,,,,,,,,,,,,,,,
uniteditions,62,,,,,,,,,,,,,,,,,,
UnmannedInsight,46,,,,,,,,,,,,,,,,,,
unwinnable,57,,,,,,,,,,,,,,,,,,
UPbridge_gap,36,,,,,,,,,,,,,,,,,,
upperrubberboot,64,,,,,,,,,,,,,,,,,,
UpsUpsAndDowns,59,,,,,,,,,,,,,,,,,,
uptomenow,39,,,,,,,,,,,,,,,,,,
USATODAY,91,,,,,,,,,,,,,,,,,,
usefulcharts,67,,,,,,,,,,,,,,,,,,
ValiantFireside,44,,,,,,,,,,,,,,,,,,
varnished_truth,59,,,,,,,,,,,,,,,,,,
VBCmokola,42,,,,,,,,,,,,,,,,,,
vcgriffin,52,,,,,,,,,,,,,,,,,,
vengeful_steve,37,,,,,,,,,,,,,,,,,,
veni_vidi_veni,44,,,,,,,,,,,,,,,,,,
VeteranWargamer,51,,,,,,,,,,,,,,,,,,
vetpip,32,,,,,,,,,,,,,,,,,,
vfm_5411,50,,,,,,,,,,,,,,,,,,
VIAwesome,73,,,,,,,,,,,,,,,,,,
Vicky2807,28,,,,,,,,,,,,,,,,,,
victoriacana,42,,,,,,,,,,,,,,,,,,
videoguys,51,,,,,,,,,,,,,,,,,,
vingar,5,,,,,,,,,,,,,,,,,,
virgilvox,53,,,,,,,,,,,,,,,,,,
virtadpt,57,,,,,,,,,,,,,,,,,,
VirtueTarot,14,,,,,,,,,,,,,,,,,,
vitamind64,33,,,,,,,,,,,,,,,,,,
VitaminDPayne,31,,,,,,,,,,,,,,,,,,
VizWorld,53,,,,,,,,,,,,,,,,,,
von_randgriz,19,,,,,,,,,,,,,,,,,,
vortalifer,35,,,,,,,,,,,,,,,,,,
VorthosMike,66,,,,,,,,,,,,,,,,,,
VRnerds,45,,,,,,,,,,,,,,,,,,
warriorsoulgear,41,,,,,,,,,,,,,,,,,,
WarsiVOK,44,,,,,,,,,,,,,,,,,,
WashThompson3,49,,,,,,,,,,,,,,,,,,
wattevans,46,,,,,,,,,,,,,,,,,,
wccftechdotcom,73,,,,,,,,,,,,,,,,,,
WealthyAardvark,51,,,,,,,,,,,,,,,,,,
werdcom,26,,,,,,,,,,,,,,,,,,
Westlancsbc,51,,,,,,,,,,,,,,,,,,
whatseplaying,61,,,,,,,,,,,,,,,,,,
whichrich,40,,,,,,,,,,,,,,,,,,
WhimSicALLusH,53,,,,,,,,,,,,,,,,,,
WildCottage,60,,,,,,,,,,,,,,,,,,
WillCHogan3,31,,,,,,,,,,,,,,,,,,
WilliamJKenney,65,,,,,,,,,,,,,,,,,,
winning_mark,51,,,,,,,,,,,,,,,,,,
wnt_news,62,,,,,,,,,,,,,,,,,,
wolfgang8741,41,,,,,,,,,,,,,,,,,,
WoodMarketing,48,,,,,,,,,,,,,,,,,,
WoodsEdward,46,,,,,,,,,,,,,,,,,,
WootingKB,42,,,,,,,,,,,,,,,,,,
wordhabit,23,,,,,,,,,,,,,,,,,,
WorldAnvil,46,,,,,,,,,,,,,,,,,,
WorldAReggae,42,,,,,,,,,,,,,,,,,,
worldwidepr,17,,,,,,,,,,,,,,,,,,
WorstDM,56,,,,,,,,,,,,,,,,,,
WoWChallenges,54,,,,,,,,,,,,,,,,,,
Wreck_and_Ruin,47,,,,,,,,,,,,,,,,,,
wristreview,47,,,,,,,,,,,,,,,,,,
WVUFLU,49,,,,,,,,,,,,,,,,,,
ww_review,40,,,,,,,,,,,,,,,,,,
x_walter,61,,,,,,,,,,,,,,,,,,
Xenozoicphiles,51,,,,,,,,,,,,,,,,,,
XGuoforWaterloo,29,,,,,,,,,,,,,,,,,,
XianMind,58,,,,,,,,,,,,,,,,,,
Xristfer,59,,,,,,,,,,,,,,,,,,
YigitBekir,44,,,,,,,,,,,,,,,,,,
yirehbusiness,40,,,,,,,,,,,,,,,,,,
YogiJennie,31,,,,,,,,,,,,,,,,,,
yonatanzunger,80,,,,,,,,,,,,,,,,,,
YoungAntiqueman,30,,,,,,,,,,,,,,,,,,
YstlDystl,14,,,,,,,,,,,,,,,,,,
Yugblad,55,,,,,,,,,,,,,,,,,,
Zakoholic,46,,,,,,,,,,,,,,,,,,
Zapatrax,57,,,,,,,,,,,,,,,,,,
Zengar,65,,,,,,,,,,,,,,,,,,
ZenitKensei,32,,,,,,,,,,,,,,,,,,
ZeronisART,73,,,,,,,,,,,,,,,,,,
zincronicity,41,,,,,,,,,,,,,,,,,,
ZombieExaminer,48,,,,,,,,,,,,,,,,,,
zombiegirl1385,34,,,,,,,,,,,,,,,,,,
zr6lu,19,,,,,,,,,,,,,,,,,,
zrosettastoned,38,,,,,,,,,,,,,,,,,,